{
  "accuracy": 1.0,
  "precision": 1.0,
  "recall": 1.0,
  "f1": 1.0,
  "cv_mean": 0.7333333333333333,
  "cv_std": 0.03333333333333335
}